Workbook

Sheet Dashboard
A1: Supply Chain Planning Dashboard
A2: 10-SKU electronics accessories distributor | Forecast, inventory policy and ABC analysis | synthetic data
A4: Trailing 12M demand (units) | C4: Annual consumption value ($) | E4: Avg forecast error (MAPE) | G4: SKUs to reorder now | I4: Safety stock value ($) | K4: Class A share of value
A5: =Inventory_Policy!E15 -> 86643 | C5: =Inventory_Policy!S15 -> 966301.8 | E5: =AVERAGE(Forecast!B28:K28) -> 0.19319537 | G5: =COUNTIF(Inventory_Policy!Q5:Q14,"REORDER NOW") -> 6 | I5: =SUMPRODUCT(Inventory_Policy!L5:L14,Inventory_Policy!D5:D14) -> 39338.2 | K5: =ABC_Analysis!E19 -> 0.8278335

Sheet Assumptions
A1: Supply Chain Planning Model
A2: Demand forecasting, inventory policy (safety stock, reorder point, EOQ) and ABC analysis for a 10-SKU electronics accessories distributor.
A4: Parameter | B4: Value | C4: Notes
A5: Target service level | B5: 0.95 | C5: Probability of not stocking out during lead time (input)
A6: Z-score (service factor) | B6: =NORMSINV(B5) -> 1.6448536 | C6: Calculated from service level
A7: Ordering cost per order ($) | B7: 75 | C7: Assumed: admin + freight + receiving per PO
A8: Annual holding cost rate | B8: 0.2 | C8: Assumed: 20% of unit cost per year (capital, storage, shrinkage)
A9: Days per month | B9: 30 | C9: Used to convert monthly forecast error to daily
A10: Days per year | B10: 365 | C10: Used to convert annual demand to daily
A13: How to use this workbook
A14: Blue font = input / hard-coded data you can change. Black = formula. Green = link to another sheet. Yellow fill = key assumptions to play with.
A15: Change the service level (B5), ordering cost (B7) or holding rate (B8) and every sheet, chart and the Dashboard recalculates.
A16: SKU_Master: product data (cost, lead time, current stock). Demand_History: 24 months of monthly demand (Oct-2024 to Sep-2026).
A17: Forecast: 3-month moving-average forecast with accuracy (MAPE, RMSE). Inventory_Policy: safety stock, reorder point, EOQ, reorder alerts.
A18: ABC_Analysis: Pareto classification by annual consumption value. Dashboard: KPIs and charts.
A20: Data disclaimer
A21: All demand, cost and lead-time data is SYNTHETIC (generated for this learning project with trend, seasonality and random noise). It is not real company data.
A23: Method summary
A24: Forecast(t) = average of the previous 3 months of actual demand.
A25: Safety stock = Z x SQRT( LeadTime x sigma_daily^2 + DailyDemand^2 x sigma_leadtime^2 ), sigma_daily from monthly forecast error (RMSE).
A26: Reorder point (ROP) = DailyDemand x LeadTime + Safety stock.
... A28: Order policy: when stock <= ROP, order up to (ROP + EOQ). ABC: A = first 80% of value, B = next 15%, C = last 5%.

Sheet SKU_Master
A1: SKU ID | B1: Product | C1: Category | D1: Unit cost ($) | E1: Lead time (days) | F1: Lead time std dev (days) | G1: Current stock (units) | I1: Source: synthetic data created for this project (see Assumptions sheet).
A2: SKU01 | B2: USB-C Cable 1m | C2: Accessories | D2: 1.2 | E2: 14 | F2: 2 | G2: 1340
A3: SKU02 | B3: Wireless Earbuds | C3: Audio | D3: 18 | E3: 30 | F3: 5 | G3: 1122
A4: SKU03 | B4: Phone Charger 20W | C4: Power | D4: 4 | E4: 21 | F4: 3 | G4: 1205
A5: SKU04 | B5: Power Bank 10000mAh | C5: Power | D5: 12 | E5: 21 | F5: 4 | G5: 813
A6: SKU05 | B6: Bluetooth Speaker | C6: Audio | D6: 25 | E6: 35 | F6: 6 | G6: 773
A7: SKU06 | B7: Smartwatch | C7: Wearables | D7: 55 | E7: 40 | F7: 7 | G7: 638
A8: SKU07 | B8: Laptop Stand | C8: Accessories | D8: 5 | E8: 18 | F8: 2 | G8: 191
A9: SKU08 | B9: HD Webcam | C9: Computing | D9: 12 | E9: 28 | F9: 4 | G9: 252
A10: SKU09 | B10: Mechanical Keyboard | C10: Computing | D10: 22 | E10: 30 | F10: 5 | G10: 635
A11: SKU10 | B11: Wireless Mouse | C11: Computing | D11: 5 | E11: 20 | F11: 3 | G11: 391

Sheet Demand_History
A1: Month | B1: SKU01 | C1: SKU02 | D1: SKU03 | E1: SKU04 | F1: SKU05 | G1: SKU06 | H1: SKU07 | I1: SKU08 | J1: SKU09 | K1: SKU10 | L1: Total | N1: Units sold per month. Synthetic data.
A2: 45566 | B2: 2015 | C2: 698 | D2: 1064 | E2: 461 | F2: 318 | G2: 293 | H2: 241 | I2: 126 | J2: 302 | K2: 700 | L2: =SUM(B2:K2) -> 6218
A3: 45597 | B3: 2068 | C3: 861 | D3: 1193 | E3: 709 | F3: 420 | G3: 478 | H3: 311 | I3: 156 | J3: 498 | K3: 946 | L3: =SUM(B3:K3) -> 7640
A4: 45627 | B4: 2802 | C4: 1095 | D4: 1337 | E4: 730 | F4: 617 | G4: 524 | H4: 329 | I4: 152 | J4: 343 | K4: 837 | L4: =SUM(B4:K4) -> 8766
A5: 45658 | B5: 1899 | C5: 707 | D5: 928 | E5: 526 | F5: 310 | G5: 431 | H5: 233 | I5: 122 | J5: 239 | K5: 509 | L5: =SUM(B5:K5) -> 5904
A6: 45689 | B6: 1291 | C6: 704 | D6: 671 | E6: 436 | F6: 346 | G6: 388 | H6: 267 | I6: 104 | J6: 313 | K6: 543 | L6: =SUM(B6:K6) -> 5063
A7: 45717 | B7: 1516 | C7: 753 | D7: 858 | E7: 512 | F7: 503 | G7: 377 | H7: 255 | I7: 95 | J7: 278 | K7: 621 | L7: =SUM(B7:K7) -> 5768
A8: 45748 | B8: 1882 | C8: 999 | D8: 866 | E8: 566 | F8: 383 | G8: 476 | H8: 252 | I8: 97 | J8: 309 | K8: 634 | L8: =SUM(B8:K8) -> 6464
A9: 45778 | B9: 1857 | C9: 696 | D9: 879 | E9: 510 | F9: 492 | G9: 277 | H9: 232 | I9: 132 | J9: 312 | K9: 539 | L9: =SUM(B9:K9) -> 5926
A10: 45809 | B10: 1906 | C10: 674 | D10: 918 | E10: 569 | F10: 345 | G10: 319 | H10: 208 | I10: 162 | J10: 338 | K10: 645 | L10: =SUM(B10:K10) -> 6084
A11: 45839 | B11: 1714 | C11: 634 | D11: 1155 | E11: 474 | F11: 407 | G11: 296 | H11: 248 | I11: 131 | J11: 399 | K11: 658 | L11: =SUM(B11:K11) -> 6116
A12: 45870 | B12: 2198 | C12: 859 | D12: 874 | E12: 520 | F12: 358 | G12: 353 | H12: 274 | I12: 130 | J12: 337 | K12: 913 | L12: =SUM(B12:K12) -> 6816
A13: 45901 | B13: 2262 | C13: 968 | D13: 1174 | E13: 539 | F13: 428 | G13: 280 | H13: 353 | I13: 145 | J13: 385 | K13: 884 | L13: =SUM(B13:K13) -> 7418
... A25: 46266 | B25: 2288 | C25: 943 | D25: 980 | E25: 498 | F25: 493 | G25: 480 | H25: 340 | I25: 151 | J25: 459 | K25: 715 | L25: =SUM(B25:K25) -> 7347

Sheet Forecast
A1: Month | B1: SKU01 | C1: SKU02 | D1: SKU03 | E1: SKU04 | F1: SKU05 | G1: SKU06 | H1: SKU07 | I1: SKU08 | J1: SKU09 | K1: SKU10 | L1: Total forecast | M1: Total actual
A2: =Demand_History!A2 -> 45566 | M2: =Demand_History!L2 -> 6218
A3: =Demand_History!A3 -> 45597 | M3: =Demand_History!L3 -> 7640
A4: =Demand_History!A4 -> 45627 | M4: =Demand_History!L4 -> 8766
A5: =Demand_History!A5 -> 45658 | B5: =AVERAGE(Demand_History!B2:B4) -> 2295 | C5: =AVERAGE(Demand_History!C2:C4) -> 884.66667 | D5: =AVERAGE(Demand_History!D2:D4) -> 1198 | E5: =AVERAGE(Demand_History!E2:E4) -> 633.33333 | F5: =AVERAGE(Demand_History!F2:F4) -> 451.66667 | G5: =AVERAGE(Demand_History!G2:G4) -> 431.66667 | H5: =AVERAGE(Demand_History!H2:H4) -> 293.66667 | I5: =AVERAGE(Demand_History!I2:I4) -> 144.66667 | ... K5: =AVERAGE(Demand_History!K2:K4) -> 827.66667 | L5: =SUM(B5:K5) -> 7541.3333 | M5: =Demand_History!L5 -> 5904
A6: =Demand_History!A6 -> 45689 | B6: =AVERAGE(Demand_History!B3:B5) -> 2256.3333 | C6: =AVERAGE(Demand_History!C3:C5) -> 887.66667 | D6: =AVERAGE(Demand_History!D3:D5) -> 1152.6667 | E6: =AVERAGE(Demand_History!E3:E5) -> 655 | F6: =AVERAGE(Demand_History!F3:F5) -> 449 | G6: =AVERAGE(Demand_History!G3:G5) -> 477.66667 | H6: =AVERAGE(Demand_History!H3:H5) -> 291 | I6: =AVERAGE(Demand_History!I3:I5) -> 143.33333 | ... K6: =AVERAGE(Demand_History!K3:K5) -> 764 | L6: =SUM(B6:K6) -> 7436.6667 | M6: =Demand_History!L6 -> 5063
A7: =Demand_History!A7 -> 45717 | B7: =AVERAGE(Demand_History!B4:B6) -> 1997.3333 | C7: =AVERAGE(Demand_History!C4:C6) -> 835.33333 | D7: =AVERAGE(Demand_History!D4:D6) -> 978.66667 | E7: =AVERAGE(Demand_History!E4:E6) -> 564 | F7: =AVERAGE(Demand_History!F4:F6) -> 424.33333 | G7: =AVERAGE(Demand_History!G4:G6) -> 447.66667 | H7: =AVERAGE(Demand_History!H4:H6) -> 276.33333 | I7: =AVERAGE(Demand_History!I4:I6) -> 126 | ... K7: =AVERAGE(Demand_History!K4:K6) -> 629.66667 | L7: =SUM(B7:K7) -> 6577.6667 | M7: =Demand_History!L7 -> 5768
A8: =Demand_History!A8 -> 45748 | B8: =AVERAGE(Demand_History!B5:B7) -> 1568.6667 | C8: =AVERAGE(Demand_History!C5:C7) -> 721.33333 | D8: =AVERAGE(Demand_History!D5:D7) -> 819 | E8: =AVERAGE(Demand_History!E5:E7) -> 491.33333 | F8: =AVERAGE(Demand_History!F5:F7) -> 386.33333 | G8: =AVERAGE(Demand_History!G5:G7) -> 398.66667 | H8: =AVERAGE(Demand_History!H5:H7) -> 251.66667 | I8: =AVERAGE(Demand_History!I5:I7) -> 107 | ... K8: =AVERAGE(Demand_History!K5:K7) -> 557.66667 | L8: =SUM(B8:K8) -> 5578.3333 | M8: =Demand_History!L8 -> 6464
A9: =Demand_History!A9 -> 45778 | B9: =AVERAGE(Demand_History!B6:B8) -> 1563 | C9: =AVERAGE(Demand_History!C6:C8) -> 818.66667 | D9: =AVERAGE(Demand_History!D6:D8) -> 798.33333 | E9: =AVERAGE(Demand_History!E6:E8) -> 504.66667 | F9: =AVERAGE(Demand_History!F6:F8) -> 410.66667 | G9: =AVERAGE(Demand_History!G6:G8) -> 413.66667 | H9: =AVERAGE(Demand_History!H6:H8) -> 258 | I9: =AVERAGE(Demand_History!I6:I8) -> 98.666667 | ... K9: =AVERAGE(Demand_History!K6:K8) -> 599.33333 | L9: =SUM(B9:K9) -> 5765 | M9: =Demand_History!L9 -> 5926
A10: =Demand_History!A10 -> 45809 | B10: =AVERAGE(Demand_History!B7:B9) -> 1751.6667 | C10: =AVERAGE(Demand_History!C7:C9) -> 816 | D10: =AVERAGE(Demand_History!D7:D9) -> 867.66667 | E10: =AVERAGE(Demand_History!E7:E9) -> 529.33333 | F10: =AVERAGE(Demand_History!F7:F9) -> 459.33333 | G10: =AVERAGE(Demand_History!G7:G9) -> 376.66667 | H10: =AVERAGE(Demand_History!H7:H9) -> 246.33333 | I10: =AVERAGE(Demand_History!I7:I9) -> 108 | ... K10: =AVERAGE(Demand_History!K7:K9) -> 598 | L10: =SUM(B10:K10) -> 6052.6667 | M10: =Demand_History!L10 -> 6084
A11: =Demand_History!A11 -> 45839 | B11: =AVERAGE(Demand_History!B8:B10) -> 1881.6667 | C11: =AVERAGE(Demand_History!C8:C10) -> 789.66667 | D11: =AVERAGE(Demand_History!D8:D10) -> 887.66667 | E11: =AVERAGE(Demand_History!E8:E10) -> 548.33333 | F11: =AVERAGE(Demand_History!F8:F10) -> 406.66667 | G11: =AVERAGE(Demand_History!G8:G10) -> 357.33333 | H11: =AVERAGE(Demand_History!H8:H10) -> 230.66667 | I11: =AVERAGE(Demand_History!I8:I10) -> 130.33333 | ... K11: =AVERAGE(Demand_History!K8:K10) -> 606 | L11: =SUM(B11:K11) -> 6158 | M11: =Demand_History!L11 -> 6116
A12: =Demand_History!A12 -> 45870 | B12: =AVERAGE(Demand_History!B9:B11) -> 1825.6667 | C12: =AVERAGE(Demand_History!C9:C11) -> 668 | D12: =AVERAGE(Demand_History!D9:D11) -> 984 | E12: =AVERAGE(Demand_History!E9:E11) -> 517.66667 | F12: =AVERAGE(Demand_History!F9:F11) -> 414.66667 | G12: =AVERAGE(Demand_History!G9:G11) -> 297.33333 | H12: =AVERAGE(Demand_History!H9:H11) -> 229.33333 | I12: =AVERAGE(Demand_History!I9:I11) -> 141.66667 | ... K12: =AVERAGE(Demand_History!K9:K11) -> 614 | L12: =SUM(B12:K12) -> 6042 | M12: =Demand_History!L12 -> 6816
A13: =Demand_History!A13 -> 45901 | B13: =AVERAGE(Demand_History!B10:B12) -> 1939.3333 | C13: =AVERAGE(Demand_History!C10:C12) -> 722.33333 | D13: =AVERAGE(Demand_History!D10:D12) -> 982.33333 | E13: =AVERAGE(Demand_History!E10:E12) -> 521 | F13: =AVERAGE(Demand_History!F10:F12) -> 370 | G13: =AVERAGE(Demand_History!G10:G12) -> 322.66667 | H13: =AVERAGE(Demand_History!H10:H12) -> 243.33333 | I13: =AVERAGE(Demand_History!I10:I12) -> 141 | ... K13: =AVERAGE(Demand_History!K10:K12) -> 738.66667 | L13: =SUM(B13:K13) -> 6338.6667 | M13: =Demand_History!L13 -> 7418
A14: =Demand_History!A14 -> 45931 | B14: =AVERAGE(Demand_History!B11:B13) -> 2058 | C14: =AVERAGE(Demand_History!C11:C13) -> 820.33333 | D14: =AVERAGE(Demand_History!D11:D13) -> 1067.6667 | E14: =AVERAGE(Demand_History!E11:E13) -> 511 | F14: =AVERAGE(Demand_History!F11:F13) -> 397.66667 | G14: =AVERAGE(Demand_History!G11:G13) -> 309.66667 | H14: =AVERAGE(Demand_History!H11:H13) -> 291.66667 | I14: =AVERAGE(Demand_History!I11:I13) -> 135.33333 | ... K14: =AVERAGE(Demand_History!K11:K13) -> 818.33333 | L14: =SUM(B14:K14) -> 6783.3333 | M14: =Demand_History!L14 -> 6779
A15: =Demand_History!A15 -> 45962 | B15: =AVERAGE(Demand_History!B12:B14) -> 2222.6667 | C15: =AVERAGE(Demand_History!C12:C14) -> 887 | D15: =AVERAGE(Demand_History!D12:D14) -> 961.66667 | E15: =AVERAGE(Demand_History!E12:E14) -> 517 | F15: =AVERAGE(Demand_History!F12:F14) -> 451.66667 | G15: =AVERAGE(Demand_History!G12:G14) -> 372.66667 | H15: =AVERAGE(Demand_History!H12:H14) -> 312 | I15: =AVERAGE(Demand_History!I12:I14) -> 151 | ... K15: =AVERAGE(Demand_History!K12:K14) -> 811.33333 | L15: =SUM(B15:K15) -> 7004.3333 | M15: =Demand_History!L15 -> 8738
A16: =Demand_History!A16 -> 45992 | B16: =AVERAGE(Demand_History!B13:B15) -> 2497.6667 | C16: =AVERAGE(Demand_History!C13:C15) -> 893.66667 | D16: =AVERAGE(Demand_History!D13:D15) -> 1093.3333 | E16: =AVERAGE(Demand_History!E13:E15) -> 609.33333 | F16: =AVERAGE(Demand_History!F13:F15) -> 461.33333 | G16: =AVERAGE(Demand_History!G13:G15) -> 419.33333 | H16: =AVERAGE(Demand_History!H13:H15) -> 359.66667 | I16: =AVERAGE(Demand_History!I13:I15) -> 169 | ... K16: =AVERAGE(Demand_History!K13:K15) -> 790 | L16: =SUM(B16:K16) -> 7645 | M16: =Demand_History!L16 -> 9044
... A25: =Demand_History!A25 -> 46266 | B25: =AVERAGE(Demand_History!B22:B24) -> 2216.6667 | C25: =AVERAGE(Demand_History!C22:C24) -> 911 | D25: =AVERAGE(Demand_History!D22:D24) -> 1057.3333 | E25: =AVERAGE(Demand_History!E22:E24) -> 533.66667 | F25: =AVERAGE(Demand_History!F22:F24) -> 546 | G25: =AVERAGE(Demand_History!G22:G24) -> 338.33333 | H25: =AVERAGE(Demand_History!H22:H24) -> 315 | I25: =AVERAGE(Demand_History!I22:I24) -> 162.33333 | ... K25: =AVERAGE(Demand_History!K22:K24) -> 604.66667 | L25: =SUM(B25:K25) -> 7031.3333 | M25: =Demand_History!L25 -> 7347
A26: Oct-26 (forecast) | B26: =AVERAGE(Demand_History!B23:B25) -> 2277.6667 | C26: =AVERAGE(Demand_History!C23:C25) -> 940.33333 | D26: =AVERAGE(Demand_History!D23:D25) -> 982.33333 | E26: =AVERAGE(Demand_History!E23:E25) -> 514 | F26: =AVERAGE(Demand_History!F23:F25) -> 543.33333 | G26: =AVERAGE(Demand_History!G23:G25) -> 346 | H26: =AVERAGE(Demand_History!H23:H25) -> 317.66667 | I26: =AVERAGE(Demand_History!I23:I25) -> 176 | ... K26: =AVERAGE(Demand_History!K23:K25) -> 681 | L26: =SUM(B26:K26) -> 7157.3333
A28: MAPE | B28: =SUMPRODUCT(ABS(Demand_History!B5:B25-B5:B25)/Demand_History!B5:B25)/ROWS(B5:B25) -> 0.20881967 | C28: =SUMPRODUCT(ABS(Demand_History!C5:C25-C5:C25)/Demand_History!C5:C25)/ROWS(C5:C25) -> 0.13275379 | D28: =SUMPRODUCT(ABS(Demand_History!D5:D25-D5:D25)/Demand_History!D5:D25)/ROWS(D5:D25) -> 0.1714155 | E28: =SUMPRODUCT(ABS(Demand_History!E5:E25-E5:E25)/Demand_History!E5:E25)/ROWS(E5:E25) -> 0.13746942 | F28: =SUMPRODUCT(ABS(Demand_History!F5:F25-F5:F25)/Demand_History!F5:F25)/ROWS(F5:F25) -> 0.21947278 | G28: =SUMPRODUCT(ABS(Demand_History!G5:G25-G5:G25)/Demand_History!G5:G25)/ROWS(G5:G25) -> 0.30547766 | H28: =SUMPRODUCT(ABS(Demand_History!H5:H25-H5:H25)/Demand_History!H5:H25)/ROWS(H5:H25) -> 0.18102985 | I28: =SUMPRODUCT(ABS(Demand_History!I5:I25-I5:I25)/Demand_History!I5:I25)/ROWS(I5:I25) -> 0.19439132 | ... L28: =SUMPRODUCT(ABS(Demand_History!L5:L25-L5:L25)/Demand_History!L5:L25)/ROWS(L5:L25) -> 0.12520235
A29: RMSE (units) | B29: =SQRT(SUMXMY2(Demand_History!B5:B25,B5:B25)/ROWS(B5:B25)) -> 487.42395 | C29: =SQRT(SUMXMY2(Demand_History!C5:C25,C5:C25)/ROWS(C5:C25)) -> 131.52339 | D29: =SQRT(SUMXMY2(Demand_History!D5:D25,D5:D25)/ROWS(D5:D25)) -> 206.27479 | E29: =SQRT(SUMXMY2(Demand_History!E5:E25,E5:E25)/ROWS(E5:E25)) -> 105.56482 | F29: =SQRT(SUMXMY2(Demand_History!F5:F25,F5:F25)/ROWS(F5:F25)) -> 114.49951 | G29: =SQRT(SUMXMY2(Demand_History!G5:G25,G5:G25)/ROWS(G5:G25)) -> 135.86416 | H29: =SQRT(SUMXMY2(Demand_History!H5:H25,H5:H25)/ROWS(H5:H25)) -> 66.153901 | I29: =SQRT(SUMXMY2(Demand_History!I5:I25,I5:I25)/ROWS(I5:I25)) -> 32.437078 | ... L29: =SQRT(SUMXMY2(Demand_History!L5:L25,L5:L25)/ROWS(L5:L25)) -> 1079.0222
A31: Forecast = average of previous 3 months. MAPE = mean absolute % error; RMSE = root mean squared error (its monthly value feeds safety stock). Accuracy measured on months 4-24.

Sheet Inventory_Policy
A1: Inventory policy: safety stock, reorder point and EOQ
A2: Service level, ordering cost and holding rate come from the Assumptions sheet.
A4: SKU | B4: Product | C4: Category | D4: Unit cost ($) | E4: Trailing 12M demand (units) | F4: Next-month forecast | G4: Forecast error sigma (units/month) | H4: Daily demand | I4: Daily sigma | J4: Lead time (days) | K4: Lead time sigma (days) | L4: Safety stock | M4: Reorder point (ROP) | N4: EOQ | O4: Orders per year | P4: Current stock | Q4: Status | R4: Suggested order qty | S4: Annual consumption value ($) | T4: Value rank | U4: ABC class
A5: =SKU_Master!A2 -> SKU01 | B5: =SKU_Master!B2 -> USB-C Cable 1m | C5: =SKU_Master!C2 -> Accessories | D5: =SKU_Master!D2 -> 1.2 | E5: =SUM(Demand_History!B14:B25) -> 27199 | F5: =Forecast!B26 -> 2277.6667 | G5: =Forecast!B29 -> 487.42395 | H5: =E5/Assumptions!$B$10 -> 74.517808 | I5: =G5/SQRT(Assumptions!$B$9) -> 88.991032 | J5: =SKU_Master!E2 -> 14 | K5: =SKU_Master!F2 -> 2 | L5: =ROUNDUP(Assumptions!$B$6*SQRT(J5*I5^2+H5^2*K5^2),0) -> 601 | M5: =ROUNDUP(H5*J5+L5,0) -> 1645 | N5: =ROUND(SQRT(2*E5*Assumptions!$B$7/(Assumptions!$B$8*D5)),0) -> 4123 | O5: =E5/N5 -> 6.5968955 | P5: =SKU_Master!G2 -> 1340 | Q5: =IF(P5<=M5,"REORDER NOW","OK") -> REORDER NOW | R5: =IF(P5<=M5,M5+N5-P5,0) -> 4428 | S5: =E5*D5 -> 32638.8 | T5: =RANK(S5,$S$5:$S$14,0)+COUNTIF($S$5:S5,S5)-1 -> 8 | U5: =INDEX(ABC_Analysis!$G$5:$G$14,MATCH(A5,ABC_Analysis!$B$5:$B$14,0)) -> B
A6: =SKU_Master!A3 -> SKU02 | B6: =SKU_Master!B3 -> Wireless Earbuds | C6: =SKU_Master!C3 -> Audio | D6: =SKU_Master!D3 -> 18 | E6: =SUM(Demand_History!C14:C25) -> 10482 | F6: =Forecast!C26 -> 940.33333 | G6: =Forecast!C29 -> 131.52339 | H6: =E6/Assumptions!$B$10 -> 28.717808 | I6: =G6/SQRT(Assumptions!$B$9) -> 24.012776 | J6: =SKU_Master!E3 -> 30 | K6: =SKU_Master!F3 -> 5 | L6: =ROUNDUP(Assumptions!$B$6*SQRT(J6*I6^2+H6^2*K6^2),0) -> 321 | M6: =ROUNDUP(H6*J6+L6,0) -> 1183 | N6: =ROUND(SQRT(2*E6*Assumptions!$B$7/(Assumptions!$B$8*D6)),0) -> 661 | O6: =E6/N6 -> 15.857791 | P6: =SKU_Master!G3 -> 1122 | Q6: =IF(P6<=M6,"REORDER NOW","OK") -> REORDER NOW | R6: =IF(P6<=M6,M6+N6-P6,0) -> 722 | S6: =E6*D6 -> 188676 | T6: =RANK(S6,$S$5:$S$14,0)+COUNTIF($S$5:S6,S6)-1 -> 2 | U6: =INDEX(ABC_Analysis!$G$5:$G$14,MATCH(A6,ABC_Analysis!$B$5:$B$14,0)) -> A
A7: =SKU_Master!A4 -> SKU03 | B7: =SKU_Master!B4 -> Phone Charger 20W | C7: =SKU_Master!C4 -> Power | D7: =SKU_Master!D4 -> 4 | E7: =SUM(Demand_History!D14:D25) -> 12958 | F7: =Forecast!D26 -> 982.33333 | G7: =Forecast!D29 -> 206.27479 | H7: =E7/Assumptions!$B$10 -> 35.50137 | I7: =G7/SQRT(Assumptions!$B$9) -> 37.660453 | J7: =SKU_Master!E4 -> 21 | K7: =SKU_Master!F4 -> 3 | L7: =ROUNDUP(Assumptions!$B$6*SQRT(J7*I7^2+H7^2*K7^2),0) -> 334 | M7: =ROUNDUP(H7*J7+L7,0) -> 1080 | N7: =ROUND(SQRT(2*E7*Assumptions!$B$7/(Assumptions!$B$8*D7)),0) -> 1559 | O7: =E7/N7 -> 8.3117383 | P7: =SKU_Master!G4 -> 1205 | Q7: =IF(P7<=M7,"REORDER NOW","OK") -> OK | R7: =IF(P7<=M7,M7+N7-P7,0) -> 0 | S7: =E7*D7 -> 51832 | T7: =RANK(S7,$S$5:$S$14,0)+COUNTIF($S$5:S7,S7)-1 -> 6 | U7: =INDEX(ABC_Analysis!$G$5:$G$14,MATCH(A7,ABC_Analysis!$B$5:$B$14,0)) -> B
A8: =SKU_Master!A5 -> SKU04 | B8: =SKU_Master!B5 -> Power Bank 10000mAh | C8: =SKU_Master!C5 -> Power | D8: =SKU_Master!D5 -> 12 | E8: =SUM(Demand_History!E14:E25) -> 7075 | F8: =Forecast!E26 -> 514 | G8: =Forecast!E29 -> 105.56482 | H8: =E8/Assumptions!$B$10 -> 19.383562 | I8: =G8/SQRT(Assumptions!$B$9) -> 19.273411 | J8: =SKU_Master!E5 -> 21 | K8: =SKU_Master!F5 -> 4 | L8: =ROUNDUP(Assumptions!$B$6*SQRT(J8*I8^2+H8^2*K8^2),0) -> 194 | M8: =ROUNDUP(H8*J8+L8,0) -> 602 | N8: =ROUND(SQRT(2*E8*Assumptions!$B$7/(Assumptions!$B$8*D8)),0) -> 665 | O8: =E8/N8 -> 10.639098 | P8: =SKU_Master!G5 -> 813 | Q8: =IF(P8<=M8,"REORDER NOW","OK") -> OK | R8: =IF(P8<=M8,M8+N8-P8,0) -> 0 | S8: =E8*D8 -> 84900 | T8: =RANK(S8,$S$5:$S$14,0)+COUNTIF($S$5:S8,S8)-1 -> 5 | U8: =INDEX(ABC_Analysis!$G$5:$G$14,MATCH(A8,ABC_Analysis!$B$5:$B$14,0)) -> A
A9: =SKU_Master!A6 -> SKU05 | B9: =SKU_Master!B6 -> Bluetooth Speaker | C9: =SKU_Master!C6 -> Audio | D9: =SKU_Master!D6 -> 25 | E9: =SUM(Demand_History!F14:F25) -> 5830 | F9: =Forecast!F26 -> 543.33333 | G9: =Forecast!F29 -> 114.49951 | H9: =E9/Assumptions!$B$10 -> 15.972603 | I9: =G9/SQRT(Assumptions!$B$9) -> 20.904655 | J9: =SKU_Master!E6 -> 35 | K9: =SKU_Master!F6 -> 6 | L9: =ROUNDUP(Assumptions!$B$6*SQRT(J9*I9^2+H9^2*K9^2),0) -> 258 | M9: =ROUNDUP(H9*J9+L9,0) -> 818 | N9: =ROUND(SQRT(2*E9*Assumptions!$B$7/(Assumptions!$B$8*D9)),0) -> 418 | O9: =E9/N9 -> 13.947368 | P9: =SKU_Master!G6 -> 773 | Q9: =IF(P9<=M9,"REORDER NOW","OK") -> REORDER NOW | R9: =IF(P9<=M9,M9+N9-P9,0) -> 463 | S9: =E9*D9 -> 145750 | T9: =RANK(S9,$S$5:$S$14,0)+COUNTIF($S$5:S9,S9)-1 -> 3 | U9: =INDEX(ABC_Analysis!$G$5:$G$14,MATCH(A9,ABC_Analysis!$B$5:$B$14,0)) -> A
A10: =SKU_Master!A7 -> SKU06 | B10: =SKU_Master!B7 -> Smartwatch | C10: =SKU_Master!C7 -> Wearables | D10: =SKU_Master!D7 -> 55 | E10: =SUM(Demand_History!G14:G25) -> 5283 | F10: =Forecast!G26 -> 346 | G10: =Forecast!G29 -> 135.86416 | H10: =E10/Assumptions!$B$10 -> 14.473973 | I10: =G10/SQRT(Assumptions!$B$9) -> 24.805288 | J10: =SKU_Master!E7 -> 40 | K10: =SKU_Master!F7 -> 7 | L10: =ROUNDUP(Assumptions!$B$6*SQRT(J10*I10^2+H10^2*K10^2),0) -> 308 | M10: =ROUNDUP(H10*J10+L10,0) -> 887 | N10: =ROUND(SQRT(2*E10*Assumptions!$B$7/(Assumptions!$B$8*D10)),0) -> 268 | O10: =E10/N10 -> 19.712687 | P10: =SKU_Master!G7 -> 638 | Q10: =IF(P10<=M10,"REORDER NOW","OK") -> REORDER NOW | R10: =IF(P10<=M10,M10+N10-P10,0) -> 517 | S10: =E10*D10 -> 290565 | T10: =RANK(S10,$S$5:$S$14,0)+COUNTIF($S$5:S10,S10)-1 -> 1 | U10: =INDEX(ABC_Analysis!$G$5:$G$14,MATCH(A10,ABC_Analysis!$B$5:$B$14,0)) -> A
A11: =SKU_Master!A8 -> SKU07 | B11: =SKU_Master!B8 -> Laptop Stand | C11: =SKU_Master!C8 -> Accessories | D11: =SKU_Master!D8 -> 5 | E11: =SUM(Demand_History!H14:H25) -> 3739 | F11: =Forecast!H26 -> 317.66667 | G11: =Forecast!H29 -> 66.153901 | H11: =E11/Assumptions!$B$10 -> 10.243836 | I11: =G11/SQRT(Assumptions!$B$9) -> 12.077995 | J11: =SKU_Master!E8 -> 18 | K11: =SKU_Master!F8 -> 2 | L11: =ROUNDUP(Assumptions!$B$6*SQRT(J11*I11^2+H11^2*K11^2),0) -> 91 | M11: =ROUNDUP(H11*J11+L11,0) -> 276 | N11: =ROUND(SQRT(2*E11*Assumptions!$B$7/(Assumptions!$B$8*D11)),0) -> 749 | O11: =E11/N11 -> 4.9919893 | P11: =SKU_Master!G8 -> 191 | Q11: =IF(P11<=M11,"REORDER NOW","OK") -> REORDER NOW | R11: =IF(P11<=M11,M11+N11-P11,0) -> 834 | S11: =E11*D11 -> 18695 | T11: =RANK(S11,$S$5:$S$14,0)+COUNTIF($S$5:S11,S11)-1 -> 10 | U11: =INDEX(ABC_Analysis!$G$5:$G$14,MATCH(A11,ABC_Analysis!$B$5:$B$14,0)) -> C
A12: =SKU_Master!A9 -> SKU08 | B12: =SKU_Master!B9 -> HD Webcam | C12: =SKU_Master!C9 -> Computing | D12: =SKU_Master!D9 -> 12 | E12: =SUM(Demand_History!I14:I25) -> 1897 | F12: =Forecast!I26 -> 176 | G12: =Forecast!I29 -> 32.437078 | H12: =E12/Assumptions!$B$10 -> 5.1972603 | I12: =G12/SQRT(Assumptions!$B$9) -> 5.9221731 | J12: =SKU_Master!E9 -> 28 | K12: =SKU_Master!F9 -> 4 | L12: =ROUNDUP(Assumptions!$B$6*SQRT(J12*I12^2+H12^2*K12^2),0) -> 62 | M12: =ROUNDUP(H12*J12+L12,0) -> 208 | N12: =ROUND(SQRT(2*E12*Assumptions!$B$7/(Assumptions!$B$8*D12)),0) -> 344 | O12: =E12/N12 -> 5.5145349 | P12: =SKU_Master!G9 -> 252 | Q12: =IF(P12<=M12,"REORDER NOW","OK") -> OK | R12: =IF(P12<=M12,M12+N12-P12,0) -> 0 | S12: =E12*D12 -> 22764 | T12: =RANK(S12,$S$5:$S$14,0)+COUNTIF($S$5:S12,S12)-1 -> 9 | U12: =INDEX(ABC_Analysis!$G$5:$G$14,MATCH(A12,ABC_Analysis!$B$5:$B$14,0)) -> C
A13: =SKU_Master!A10 -> SKU09 | B13: =SKU_Master!B10 -> Mechanical Keyboard | C13: =SKU_Master!C10 -> Computing | D13: =SKU_Master!D10 -> 22 | E13: =SUM(Demand_History!J14:J25) -> 4093 | F13: =Forecast!J26 -> 379 | G13: =Forecast!J29 -> 77.954572 | H13: =E13/Assumptions!$B$10 -> 11.213699 | I13: =G13/SQRT(Assumptions!$B$9) -> 14.232493 | J13: =SKU_Master!E10 -> 30 | K13: =SKU_Master!F10 -> 5 | L13: =ROUNDUP(Assumptions!$B$6*SQRT(J13*I13^2+H13^2*K13^2),0) -> 158 | M13: =ROUNDUP(H13*J13+L13,0) -> 495 | N13: =ROUND(SQRT(2*E13*Assumptions!$B$7/(Assumptions!$B$8*D13)),0) -> 374 | O13: =E13/N13 -> 10.94385 | P13: =SKU_Master!G10 -> 635 | Q13: =IF(P13<=M13,"REORDER NOW","OK") -> OK | R13: =IF(P13<=M13,M13+N13-P13,0) -> 0 | S13: =E13*D13 -> 90046 | T13: =RANK(S13,$S$5:$S$14,0)+COUNTIF($S$5:S13,S13)-1 -> 4 | U13: =INDEX(ABC_Analysis!$G$5:$G$14,MATCH(A13,ABC_Analysis!$B$5:$B$14,0)) -> A
A14: =SKU_Master!A11 -> SKU10 | B14: =SKU_Master!B11 -> Wireless Mouse | C14: =SKU_Master!C11 -> Computing | D14: =SKU_Master!D11 -> 5 | E14: =SUM(Demand_History!K14:K25) -> 8087 | F14: =Forecast!K26 -> 681 | G14: =Forecast!K29 -> 143.25705 | H14: =E14/Assumptions!$B$10 -> 22.156164 | I14: =G14/SQRT(Assumptions!$B$9) -> 26.155039 | J14: =SKU_Master!E11 -> 20 | K14: =SKU_Master!F11 -> 3 | L14: =ROUNDUP(Assumptions!$B$6*SQRT(J14*I14^2+H14^2*K14^2),0) -> 222 | M14: =ROUNDUP(H14*J14+L14,0) -> 666 | N14: =ROUND(SQRT(2*E14*Assumptions!$B$7/(Assumptions!$B$8*D14)),0) -> 1101 | O14: =E14/N14 -> 7.3451408 | P14: =SKU_Master!G11 -> 391 | Q14: =IF(P14<=M14,"REORDER NOW","OK") -> REORDER NOW | R14: =IF(P14<=M14,M14+N14-P14,0) -> 1376 | S14: =E14*D14 -> 40435 | T14: =RANK(S14,$S$5:$S$14,0)+COUNTIF($S$5:S14,S14)-1 -> 7 | U14: =INDEX(ABC_Analysis!$G$5:$G$14,MATCH(A14,ABC_Analysis!$B$5:$B$14,0)) -> B
A15: Total | E15: =SUM(E5:E14) -> 86643 | L15: =SUM(L5:L14) -> 2549 | M15: =SUM(M5:M14) -> 7860 | P15: =SUM(P5:P14) -> 7360 | R15: =SUM(R5:R14) -> 8340 | S15: =SUM(S5:S14) -> 966301.8
A17: Order policy: when current stock <= ROP, order up to (ROP + EOQ). Trailing 12M demand = last 12 months of Demand_History.

Sheet ABC_Analysis
A1: ABC analysis: Pareto of annual consumption value
A2: SKUs are re-sorted automatically by annual value. A = first 80% of value, B = next 15%, C = last 5%.
A4: Rank | B4: SKU | C4: Product | D4: Annual value ($) | E4: % of total | F4: Cumulative % | G4: Class
A5: 1 | B5: =INDEX(Inventory_Policy!$A$5:$A$14,MATCH(A5,Inventory_Policy!$T$5:$T$14,0)) -> SKU06 | C5: =INDEX(Inventory_Policy!$B$5:$B$14,MATCH(A5,Inventory_Policy!$T$5:$T$14,0)) -> Smartwatch | D5: =INDEX(Inventory_Policy!$S$5:$S$14,MATCH(A5,Inventory_Policy!$T$5:$T$14,0)) -> 290565 | E5: =D5/SUM($D$5:$D$14) -> 0.30069798 | F5: =SUM($E$5:E5) -> 0.30069798 | G5: =IF(F5-E5<0.8,"A",IF(F5-E5<0.95,"B","C")) -> A
A6: 2 | B6: =INDEX(Inventory_Policy!$A$5:$A$14,MATCH(A6,Inventory_Policy!$T$5:$T$14,0)) -> SKU02 | C6: =INDEX(Inventory_Policy!$B$5:$B$14,MATCH(A6,Inventory_Policy!$T$5:$T$14,0)) -> Wireless Earbuds | D6: =INDEX(Inventory_Policy!$S$5:$S$14,MATCH(A6,Inventory_Policy!$T$5:$T$14,0)) -> 188676 | E6: =D6/SUM($D$5:$D$14) -> 0.19525577 | F6: =SUM($E$5:E6) -> 0.49595375 | G6: =IF(F6-E6<0.8,"A",IF(F6-E6<0.95,"B","C")) -> A
A7: 3 | B7: =INDEX(Inventory_Policy!$A$5:$A$14,MATCH(A7,Inventory_Policy!$T$5:$T$14,0)) -> SKU05 | C7: =INDEX(Inventory_Policy!$B$5:$B$14,MATCH(A7,Inventory_Policy!$T$5:$T$14,0)) -> Bluetooth Speaker | D7: =INDEX(Inventory_Policy!$S$5:$S$14,MATCH(A7,Inventory_Policy!$T$5:$T$14,0)) -> 145750 | E7: =D7/SUM($D$5:$D$14) -> 0.15083279 | F7: =SUM($E$5:E7) -> 0.64678654 | G7: =IF(F7-E7<0.8,"A",IF(F7-E7<0.95,"B","C")) -> A
A8: 4 | B8: =INDEX(Inventory_Policy!$A$5:$A$14,MATCH(A8,Inventory_Policy!$T$5:$T$14,0)) -> SKU09 | C8: =INDEX(Inventory_Policy!$B$5:$B$14,MATCH(A8,Inventory_Policy!$T$5:$T$14,0)) -> Mechanical Keyboard | D8: =INDEX(Inventory_Policy!$S$5:$S$14,MATCH(A8,Inventory_Policy!$T$5:$T$14,0)) -> 90046 | E8: =D8/SUM($D$5:$D$14) -> 0.093186207 | F8: =SUM($E$5:E8) -> 0.73997275 | G8: =IF(F8-E8<0.8,"A",IF(F8-E8<0.95,"B","C")) -> A
A9: 5 | B9: =INDEX(Inventory_Policy!$A$5:$A$14,MATCH(A9,Inventory_Policy!$T$5:$T$14,0)) -> SKU04 | C9: =INDEX(Inventory_Policy!$B$5:$B$14,MATCH(A9,Inventory_Policy!$T$5:$T$14,0)) -> Power Bank 10000mAh | D9: =INDEX(Inventory_Policy!$S$5:$S$14,MATCH(A9,Inventory_Policy!$T$5:$T$14,0)) -> 84900 | E9: =D9/SUM($D$5:$D$14) -> 0.087860749 | F9: =SUM($E$5:E9) -> 0.8278335 | G9: =IF(F9-E9<0.8,"A",IF(F9-E9<0.95,"B","C")) -> A
A10: 6 | B10: =INDEX(Inventory_Policy!$A$5:$A$14,MATCH(A10,Inventory_Policy!$T$5:$T$14,0)) -> SKU03 | C10: =INDEX(Inventory_Policy!$B$5:$B$14,MATCH(A10,Inventory_Policy!$T$5:$T$14,0)) -> Phone Charger 20W | D10: =INDEX(Inventory_Policy!$S$5:$S$14,MATCH(A10,Inventory_Policy!$T$5:$T$14,0)) -> 51832 | E10: =D10/SUM($D$5:$D$14) -> 0.053639557 | F10: =SUM($E$5:E10) -> 0.88147306 | G10: =IF(F10-E10<0.8,"A",IF(F10-E10<0.95,"B","C")) -> B
A11: 7 | B11: =INDEX(Inventory_Policy!$A$5:$A$14,MATCH(A11,Inventory_Policy!$T$5:$T$14,0)) -> SKU10 | C11: =INDEX(Inventory_Policy!$B$5:$B$14,MATCH(A11,Inventory_Policy!$T$5:$T$14,0)) -> Wireless Mouse | D11: =INDEX(Inventory_Policy!$S$5:$S$14,MATCH(A11,Inventory_Policy!$T$5:$T$14,0)) -> 40435 | E11: =D11/SUM($D$5:$D$14) -> 0.041845105 | F11: =SUM($E$5:E11) -> 0.92331816 | G11: =IF(F11-E11<0.8,"A",IF(F11-E11<0.95,"B","C")) -> B
A12: 8 | B12: =INDEX(Inventory_Policy!$A$5:$A$14,MATCH(A12,Inventory_Policy!$T$5:$T$14,0)) -> SKU01 | C12: =INDEX(Inventory_Policy!$B$5:$B$14,MATCH(A12,Inventory_Policy!$T$5:$T$14,0)) -> USB-C Cable 1m | D12: =INDEX(Inventory_Policy!$S$5:$S$14,MATCH(A12,Inventory_Policy!$T$5:$T$14,0)) -> 32638.8 | E12: =D12/SUM($D$5:$D$14) -> 0.033777025 | F12: =SUM($E$5:E12) -> 0.95709518 | G12: =IF(F12-E12<0.8,"A",IF(F12-E12<0.95,"B","C")) -> B
A13: 9 | B13: =INDEX(Inventory_Policy!$A$5:$A$14,MATCH(A13,Inventory_Policy!$T$5:$T$14,0)) -> SKU08 | C13: =INDEX(Inventory_Policy!$B$5:$B$14,MATCH(A13,Inventory_Policy!$T$5:$T$14,0)) -> HD Webcam | D13: =INDEX(Inventory_Policy!$S$5:$S$14,MATCH(A13,Inventory_Policy!$T$5:$T$14,0)) -> 22764 | E13: =D13/SUM($D$5:$D$14) -> 0.023557857 | F13: =SUM($E$5:E13) -> 0.98065304 | G13: =IF(F13-E13<0.8,"A",IF(F13-E13<0.95,"B","C")) -> C
A14: 10 | B14: =INDEX(Inventory_Policy!$A$5:$A$14,MATCH(A14,Inventory_Policy!$T$5:$T$14,0)) -> SKU07 | C14: =INDEX(Inventory_Policy!$B$5:$B$14,MATCH(A14,Inventory_Policy!$T$5:$T$14,0)) -> Laptop Stand | D14: =INDEX(Inventory_Policy!$S$5:$S$14,MATCH(A14,Inventory_Policy!$T$5:$T$14,0)) -> 18695 | E14: =D14/SUM($D$5:$D$14) -> 0.019346958 | F14: =SUM($E$5:E14) -> 1 | G14: =IF(F14-E14<0.8,"A",IF(F14-E14<0.95,"B","C")) -> C
A17: Summary by class
A18: Class | B18: # SKUs | C18: % of SKUs | D18: Annual value ($) | E18: % of value
A19: A | B19: =COUNTIF($G$5:$G$14,A19) -> 5 | C19: =B19/SUM($B$19:$B$21) -> 0.5 | D19: =SUMIF($G$5:$G$14,A19,$D$5:$D$14) -> 799937 | E19: =D19/SUM($D$19:$D$21) -> 0.8278335
A20: B | B20: =COUNTIF($G$5:$G$14,A20) -> 3 | C20: =B20/SUM($B$19:$B$21) -> 0.3 | D20: =SUMIF($G$5:$G$14,A20,$D$5:$D$14) -> 124905.8 | E20: =D20/SUM($D$19:$D$21) -> 0.12926169
A21: C | B21: =COUNTIF($G$5:$G$14,A21) -> 2 | C21: =B21/SUM($B$19:$B$21) -> 0.2 | D21: =SUMIF($G$5:$G$14,A21,$D$5:$D$14) -> 41459 | E21: =D21/SUM($D$19:$D$21) -> 0.042904815
